,ts_code,name,count,exchange,list_date,type
0,885835.TI,参股银行,126.0,A,20190416,N
1,875189.TI,抗疫,10.0,HK,20200622,N
2,875004.TI,智能医疗,6.0,HK,20180108,N
3,875026.TI,双十一,10.0,HK,20180108,N
4,885472.TI,上海自贸区,51.0,A,20130813,N
5,865009.TI,现代服务业,36.0,US,20180108,N
6,885788.TI,网络直播,63.0,A,20180312,N
7,885881.TI,云办公,29.0,A,20200203,N
8,865071.TI,流媒体,6.0,US,20180108,N
9,865055.TI,互联网+,12.0,US,20180108,N
10,865032.TI,天然气,24.0,US,20180108,N
11,865058.TI,油气装备,18.0,US,20180108,N
12,875087.TI,芯片替代,21.0,HK,20180108,N
13,875051.TI,零售股,9.0,HK,20180108,N
14,885785.TI,小米概念,91.0,A,20180306,N
15,875131.TI,乳业,10.0,HK,20180108,N
16,885878.TI,HIT电池,21.0,A,20200120,N
17,885403.TI,生物医药,146.0,A,20130422,N
18,885545.TI,汽车电子,108.0,A,20140507,N
19,865025.TI,固废处理,5.0,US,20180108,N
20,865116.TI,MCU,4.0,US,,N
21,875120.TI,农业现代化,35.0,HK,20180108,N
22,865064.TI,人工智能,24.0,US,20180108,N
23,875193.TI,同股不同权,3.0,HK,20200622,N
24,885856.TI,仿制药一致性评价,52.0,A,20190625,N
25,865023.TI,乳业,4.0,US,20180108,N
26,875136.TI,文化传媒,57.0,HK,20180108,N
27,875090.TI,内地房地产,138.0,HK,20180108,N
28,885900.TI,NMN概念,16.0,A,20200716,N
29,885869.TI,年报预增,588.0,A,20191115,N
30,875114.TI,风电,10.0,HK,20180108,N
31,865065.TI,人脸识别,5.0,US,20180108,N
32,865057.TI,太阳能,12.0,US,20180108,N
33,885769.TI,细胞免疫治疗,26.0,A,20171117,N
34,885873.TI,分拆上市意愿,60.0,A,20191216,N
35,885803.TI,高送转预期,126.0,A,20181112,N
36,875037.TI,节能照明,3.0,HK,20180108,N
37,865100.TI,P2P,3.0,US,20180108,N
38,885697.TI,深圳国资改革,27.0,A,20150911,N
39,875113.TI,天然气,56.0,HK,20180108,N
40,885591.TI,中韩自贸区,15.0,A,20140714,N
41,885782.TI,水泥,32.0,A,20180109,N
42,885874.TI,云游戏,20.0,A,20191216,N
43,875095.TI,粤港澳,22.0,HK,20180108,N
44,885734.TI,广东自贸区,12.0,A,20160310,N
45,885756.TI,芯片概念,267.0,A,20170718,N
46,875031.TI,虚拟现实,7.0,HK,20180108,N
47,865016.TI,农业现代化,7.0,US,20180108,N
48,865038.TI,光纤,10.0,US,20180108,N
49,885770.TI,智能物流,52.0,A,20171117,N
50,875098.TI,稀土永磁,6.0,HK,20180108,N
51,885866.TI,数字货币,44.0,A,20190918,N
52,875040.TI,人工智能,23.0,HK,20180108,N
53,885642.TI,跨境电商,80.0,A,20150511,N
54,885916.TI,同花顺漂亮100,100.0,A,20210120,N
55,885757.TI,区块链,242.0,A,20170803,N
56,875162.TI,两会概念,4.0,HK,,N
57,865046.TI,餐饮连锁,10.0,US,20180108,N
58,885741.TI,中字头股票,46.0,A,20161205,N
59,875158.TI,抗癌概念,11.0,HK,,N
60,885640.TI,草甘膦,13.0,A,20150511,N
61,885795.TI,国产航母,35.0,A,20180514,N
62,875142.TI,二胎,13.0,HK,20180108,N
63,865108.TI,软件外包,11.0,US,20180108,N
64,865092.TI,稀有金属,5.0,US,20180108,N
65,875015.TI,中信系,6.0,HK,20180108,N
66,875076.TI,互联网金融,10.0,HK,20180108,N
67,875107.TI,猪肉,4.0,HK,20180108,N
68,885521.TI,粤港澳大湾区,89.0,A,20140414,N
69,885851.TI,烟草,20.0,A,20190617,N
70,875018.TI,移动支付,14.0,HK,20180108,N
71,865074.TI,文化传媒,11.0,US,20180108,N
72,885789.TI,宁德时代概念,100.0,A,20180314,N
73,875155.TI,创新药,12.0,HK,,N
74,885555.TI,PM2.5,31.0,A,20140513,N
75,885889.TI,RCS富媒体通信,28.0,A,20200408,N
76,875132.TI,物业投资,107.0,HK,20180108,N
77,875061.TI,中资券商股,22.0,HK,20180108,N
78,885338.TI,融资融券,1921.0,A,20100517,N
79,875150.TI,富士康概念,5.0,HK,,N
80,885615.TI,体育产业,60.0,A,20141024,N
81,875079.TI,手机游戏,25.0,HK,20180108,N
82,885586.TI,职业教育,53.0,A,20140630,N
83,885433.TI,节能照明,75.0,A,20130509,N
84,885623.TI,参股保险,88.0,A,20141204,N
85,885879.TI,流感,60.0,A,20200121,N
86,875106.TI,物流,42.0,HK,20180108,N
87,865111.TI,CDR概念,5.0,US,,N
88,885901.TI,可降解塑料,47.0,A,20200805,N
89,875054.TI,大数据,5.0,HK,20180108,N
90,885895.TI,室外经济,25.0,A,20200603,N
91,885831.TI,超级真菌,21.0,A,20190411,N
92,865112.TI,贸易战受益股,6.0,US,,N
93,885736.TI,无人驾驶,76.0,A,20160318,N
94,875157.TI,通讯传输设备,5.0,HK,,N
95,865027.TI,特朗普税改,10.0,US,20180108,N
96,875086.TI,网络安全,6.0,HK,20180108,N
97,885842.TI,数字乡村,24.0,A,20190517,N
98,865084.TI,移动互联网,15.0,US,20180108,N
99,875062.TI,重型机械股,8.0,HK,20180108,N
100,865029.TI,在线旅游,5.0,US,20180108,N
101,885431.TI,新能源汽车,409.0,A,20130509,N
102,885840.TI,人民币贬值受益,129.0,A,20190513,N
103,865010.TI,基因测序,6.0,US,20180108,N
104,885652.TI,钛白粉,13.0,A,20150511,N
105,865103.TI,婴幼儿产品,5.0,US,20180108,N
106,865042.TI,OLED,4.0,US,20180108,N
107,885362.TI,云计算,167.0,A,20110701,N
108,865085.TI,BIT概念,8.0,US,20180108,N
109,885705.TI,乡村振兴,111.0,A,20151104,N
110,885827.TI,横琴新区,49.0,A,20190402,N
111,865067.TI,内地房地产,5.0,US,20180108,N
112,885478.TI,智能家居,98.0,A,20130902,N
113,875152.TI,工业废水处理,6.0,HK,,N
114,885650.TI,碳纤维,20.0,A,20150511,N
115,865118.TI,直播概念股,9.0,US,,N
116,865026.TI,抗癌医药,19.0,US,20180108,N
117,875017.TI,新能源汽车,17.0,HK,20180108,N
118,885845.TI,生物疫苗,46.0,A,20190527,N
119,885886.TI,超级电容,26.0,A,20200224,N
120,865004.TI,苹果概念股,26.0,US,20180108,N
121,875007.TI,建材水泥股,6.0,HK,20180108,N
122,885456.TI,互联网金融,139.0,A,20130627,N
123,875001.TI,医疗器械,16.0,HK,20180108,N
124,885809.TI,柔性屏,71.0,A,20190219,N
125,885709.TI,虚拟现实,124.0,A,20151112,N
126,875138.TI,节能环保,61.0,HK,20180108,N
127,885568.TI,国产软件,143.0,A,20140521,N
128,865005.TI,风电,5.0,US,20180108,N
129,875082.TI,锂电池,8.0,HK,20180108,N
130,865073.TI,科技股,19.0,US,,N
131,885311.TI,智能电网,126.0,A,20070808,N
132,885633.TI,染料,14.0,A,20150123,N
133,865051.TI,网络安全,6.0,US,20180108,N
134,885647.TI,互联网彩票,16.0,A,20150511,N
135,885439.TI,土地流转,42.0,A,20130513,N
136,885814.TI,信托概念,26.0,A,20190228,N
137,885844.TI,国产操作系统,50.0,A,20190522,N
138,885452.TI,大数据,204.0,A,20130520,N
139,875116.TI,现代服务业,134.0,HK,20180108,N
140,875053.TI,光伏太阳能,10.0,HK,20180108,N
141,865090.TI,光伏概念,9.0,US,20180108,N
142,885730.TI,量子科技,38.0,A,20160229,N
143,885454.TI,智能穿戴,72.0,A,20130606,N
144,885500.TI,通用航空,31.0,A,20131121,N
145,885787.TI,独角兽概念,179.0,A,20180306,N
146,885852.TI,青蒿素,11.0,A,20190618,N
147,875072.TI,长和系,11.0,HK,20180108,N
148,865037.TI,纳米,13.0,US,20180108,N
149,875060.TI,蓝筹地产股,5.0,HK,20180108,N
150,885806.TI,华为概念,412.0,A,20181207,N
151,885743.TI,军民融合,133.0,A,20170324,N
152,875100.TI,网络游戏,22.0,HK,20180108,N
153,875049.TI,内银股,29.0,HK,20180108,N
154,885662.TI,车联网,78.0,A,20150812,N
155,885744.TI,雄安新区,177.0,A,20170405,N
156,865031.TI,页岩油,13.0,US,20180108,N
157,885823.TI,氢能源,85.0,A,20190319,N
158,885728.TI,人工智能,160.0,A,20151202,N
159,875102.TI,博彩概念,29.0,HK,20180108,N
160,865098.TI,健康产业,24.0,US,20180108,N
161,885562.TI,高铁,68.0,A,20140515,N
162,875068.TI,华润系,5.0,HK,20180108,N
163,865040.TI,智慧城市,10.0,US,20180108,N
164,875188.TI,生物医药B类,8.0,HK,20200622,N
165,885560.TI,金改,56.0,A,20140515,N
166,875141.TI,区块链概念,13.0,HK,20180108,N
167,885854.TI,垃圾分类,88.0,A,20190621,N
168,875034.TI,石油股,6.0,HK,20180108,N
169,875108.TI,汽车制造,31.0,HK,20180108,N
170,885493.TI,上海国资改革,67.0,A,20131025,N
171,885800.TI,消费电子,93.0,A,20180830,N
172,865048.TI,数字音乐,5.0,US,20180108,N
173,885750.TI,特色小镇,30.0,A,20170623,N
174,865015.TI,搜索引擎,6.0,US,20180108,N
175,885398.TI,煤化工,74.0,A,20130422,N
176,875159.TI,工业互联网,8.0,HK,,N
177,885796.TI,送转填权,5.0,A,20180522,N
178,865076.TI,医疗器械,12.0,US,20180108,N
179,865097.TI,品牌服饰,11.0,US,20180108,N
180,885918.TI,快手概念,21.0,A,20210126,N
181,885462.TI,乳业,30.0,A,20130725,N
182,875033.TI,国企改革,160.0,HK,20180108,N
183,865061.TI,生物疫苗,6.0,US,20180108,N
184,875129.TI,餐饮连锁,14.0,HK,20180108,N
185,875182.TI,租赁,6.0,HK,20200619,N
186,885556.TI,5G,262.0,A,20140513,N
187,885860.TI,中船系,9.0,A,20190703,N
188,885868.TI,无线耳机,77.0,A,20191105,N
189,885345.TI,新疆振兴,37.0,A,20100927,N
190,885802.TI,壳资源,88.0,A,20181024,N
191,885915.TI,物业管理,19.0,A,20210108,N
192,885816.TI,超清视频,88.0,A,20190305,N
193,875110.TI,黄金,8.0,HK,20180108,N
194,883303.TI,上证380成份股,380.0,A,20150922,N
195,865123.TI,平台经济,7.0,US,20201112,N
196,875080.TI,电子竞技,6.0,HK,20180108,N
197,885629.TI,农村电商,37.0,A,20141224,N
198,883302.TI,上证180成份股,180.0,A,20150922,N
199,885797.TI,百度概念,44.0,A,20180612,N
200,875112.TI,财产管理,84.0,HK,20180108,N
201,885641.TI,风电,111.0,A,20150511,N
202,865086.TI,指纹技术,4.0,US,20180108,N
203,885537.TI,3D打印,52.0,A,20140425,N
204,865062.TI,军工,25.0,US,20180108,N
205,885738.TI,OLED,117.0,A,20160505,N
206,885580.TI,足球概念,23.0,A,20140606,N
207,885829.TI,丙烯酸,4.0,A,20190409,N
208,885572.TI,水利,45.0,A,20140522,N
209,885508.TI,禽流感,30.0,A,20131224,N
210,885539.TI,医疗器械概念,182.0,A,20140428,N
211,885729.TI,参股新三板,153.0,A,20151229,N
212,875056.TI,铁矿石,5.0,HK,20180108,N
213,875190.TI,华为概念,9.0,HK,20200622,N
214,885570.TI,期货概念,67.0,A,20140521,N
215,885595.TI,央企国资改革,312.0,A,20140717,N
216,875195.TI,啤酒概念,5.0,HK,20200703,N
217,885810.TI,大豆,4.0,A,20190220,N
218,883304.TI,中证500成份股,500.0,A,20150916,N
219,885838.TI,眼科医疗,29.0,A,20190426,N
220,875088.TI,教育服务,25.0,HK,20180108,N
221,865012.TI,汽车制造,19.0,US,20180108,N
222,885733.TI,航运概念,21.0,A,20160310,N
223,885376.TI,苹果概念,96.0,A,20120903,N
224,865007.TI,锂电池,5.0,US,20180108,N
225,885428.TI,特钢概念,16.0,A,20130509,N
226,875144.TI,CAR-T,7.0,HK,,N
227,875118.TI,新材料,14.0,HK,20180108,N
228,885611.TI,阿里巴巴概念,93.0,A,20140930,N
229,885882.TI,消毒剂,44.0,A,20200206,N
230,875137.TI,软件外包,24.0,HK,20180108,N
231,865001.TI,水利,7.0,US,20180108,N
232,885692.TI,地下管网,35.0,A,20150828,N
233,875003.TI,智能物流,5.0,HK,20180108,N
234,885888.TI,C2M概念,34.0,A,20200330,N
235,885701.TI,杭州亚运会,13.0,A,20150916,N
236,885520.TI,沪股通,587.0,A,20140414,N
237,875139.TI,电子信息,85.0,HK,20180108,N
238,885480.TI,在线教育,95.0,A,20130902,N
239,885875.TI,MiniLED,42.0,A,20191217,N
240,885710.TI,锂电池,234.0,A,20151113,N
241,875083.TI,人民币升值,7.0,HK,20180108,N
242,865053.TI,半导体,31.0,US,20180108,N
243,865063.TI,5G,11.0,US,20180108,N
244,875069.TI,台资企业,33.0,HK,20180108,N
245,885312.TI,物联网,227.0,A,20090925,N
246,875122.TI,电子商务,18.0,HK,20180108,N
247,885551.TI,氟化工,18.0,A,20140513,N
248,885880.TI,口罩,153.0,A,20200121,N
249,875094.TI,LED,10.0,HK,20180108,N
250,865072.TI,特朗普概念,20.0,US,20180108,N
251,865060.TI,智能穿戴,3.0,US,20180108,N
252,885885.TI,氮化镓,33.0,A,20200221,N
253,885423.TI,安防,76.0,A,20130509,N
254,875020.TI,在线旅游,6.0,HK,20180108,N
255,875091.TI,内险股,10.0,HK,20180108,N
256,885694.TI,深股通,885.0,A,20150911,N
257,875052.TI,物联网,7.0,HK,20180108,N
258,865049.TI,AR概念股,6.0,US,20180108,N
259,875115.TI,太阳能,16.0,HK,20180108,N
260,885502.TI,冷链物流,68.0,A,20131205,N
261,885811.TI,玉米,16.0,A,20190220,N
262,875039.TI,雄安概念股,7.0,HK,20180108,N
263,875089.TI,纸业股,5.0,HK,20180108,N
264,885420.TI,电子商务,220.0,A,20130509,N
265,885781.TI,石墨电极,11.0,A,20180108,N
266,875161.TI,创投概念,8.0,HK,,N
267,885839.TI,人造肉,15.0,A,20190508,N
268,885884.TI,航空发动机,34.0,A,20200219,N
269,865017.TI,量子通信,5.0,US,20180108,N
270,885820.TI,数字孪生,19.0,A,20190313,N
271,885892.TI,REITs,18.0,A,20200507,N
272,885775.TI,燃料电池,125.0,A,20171128,N
273,865068.TI,国企改革,5.0,US,20180108,N
274,885530.TI,黄金概念,54.0,A,20140421,N
275,885783.TI,工业互联网,124.0,A,20180226,N
276,885544.TI,新材料概念,214.0,A,20140506,N
277,875013.TI,高校,8.0,HK,20180108,N
278,885891.TI,新三板精选层概念,17.0,A,20200428,N
279,885805.TI,芬太尼,6.0,A,20181204,N
280,885457.TI,手机游戏,60.0,A,20130701,N
281,885402.TI,智能医疗,50.0,A,20130422,N
282,885867.TI,标普道琼斯A股,1096.0,A,20190923,N
283,865002.TI,无人驾驶,7.0,US,20180108,N
284,885490.TI,民营医院,50.0,A,20131021,N
285,885413.TI,创投,271.0,A,20130508,N
286,875128.TI,健康产业,51.0,HK,20180108,N
287,875124.TI,建筑节能,5.0,HK,20180108,N
288,875093.TI,安防,5.0,HK,20180108,N
289,885808.TI,养鸡,14.0,A,20190212,N
290,885774.TI,无线充电,32.0,A,20171127,N
291,865033.TI,CAR-T,5.0,US,20180108,N
292,883300.TI,沪深300样本股,300.0,A,20100413,N
293,885703.TI,健康中国,90.0,A,20151028,N
294,885784.TI,新零售,120.0,A,20180228,N
295,885798.TI,燃料乙醇,5.0,A,20180612,N
296,885514.TI,京津冀一体化,55.0,A,20140404,N
297,875022.TI,高铁,8.0,HK,20180108,N
298,885792.TI,赛马概念,12.0,A,20180416,N
299,875125.TI,涉矿,26.0,HK,20180108,N
300,875030.TI,军工股,10.0,HK,20180108,N
301,865075.TI,网络视频,6.0,US,20180108,N
302,865070.TI,枪械制造,3.0,US,20180108,N
303,885766.TI,智能交通,61.0,A,20171117,N
304,885779.TI,腾讯概念,100.0,A,20171218,N
305,885619.TI,工业4.0,173.0,A,20141126,N
306,865080.TI,明星股,96.0,US,20180108,N
307,885517.TI,机器人概念,173.0,A,20140410,N
308,875123.TI,品牌服饰,62.0,HK,20180108,N
309,885748.TI,可燃冰,15.0,A,20170623,N
310,875099.TI,工业4.0,7.0,HK,20180108,N
311,865059.TI,信用支付,6.0,US,20180108,N
312,865081.TI,O2O,7.0,US,20180108,N
313,885791.TI,知识产权保护,38.0,A,20180411,N
314,885333.TI,移动支付,66.0,A,20100329,N
315,865078.TI,云计算,9.0,US,20180108,N
316,865105.TI,工业4.0,5.0,US,20180108,N
317,865088.TI,传感器,8.0,US,20180108,N
318,885876.TI,网红经济,73.0,A,20191227,N
319,865021.TI,干细胞,5.0,US,20180108,N
320,865056.TI,大数据,11.0,US,20180108,N
321,885663.TI,证金持股,121.0,A,20150812,N
322,865011.TI,油气开采,14.0,US,20180108,N
323,885843.TI,华为海思概念股,26.0,A,20190521,N
324,885790.TI,边缘计算,86.0,A,20180402,N
325,875146.TI,智能家居,6.0,HK,,N
326,875117.TI,集成电路,15.0,HK,20180108,N
327,885877.TI,转基因,11.0,A,20200106,N
328,885899.TI,电子烟,28.0,A,20200708,N
329,885861.TI,ETC,37.0,A,20190708,N
330,875009.TI,光大系,6.0,HK,20180108,N
331,875165.TI,专科医院,7.0,HK,,N
332,875134.TI,生物医药,56.0,HK,20180108,N
333,875055.TI,无人驾驶,7.0,HK,20180108,N
334,865003.TI,铝业,5.0,US,20180108,N
335,885887.TI,数据中心,104.0,A,20200306,N
336,885740.TI,债转股,48.0,A,20161014,N
337,885818.TI,工业大麻,55.0,A,20190307,N
338,875032.TI,租售同权,8.0,HK,20180108,N
339,875058.TI,智能穿戴,9.0,HK,20180108,N
340,885786.TI,富士康概念,48.0,A,20180306,N
341,885812.TI,农业种植,32.0,A,20190221,N
342,885742.TI,摘帽,19.0,A,20170302,N
343,875025.TI,彩票概念股,10.0,HK,20180108,N
344,875149.TI,云计算,6.0,HK,,N
345,885378.TI,智慧城市,173.0,A,20120913,N
346,885522.TI,养老概念,54.0,A,20140415,N
347,875133.TI,医疗美容器械,13.0,HK,20180108,N
348,875064.TI,MSCI概念,65.0,HK,20180108,N
349,865083.TI,网络游戏,10.0,US,20180108,N
350,885917.TI,新冠检测,48.0,A,20210122,N
351,865069.TI,工程建设,3.0,US,20180108,N
352,885425.TI,特高压,64.0,A,20130509,N
353,885543.TI,家用电器,54.0,A,20140505,N
354,885912.TI,有机硅,20.0,A,20201113,N
355,885745.TI,MSCI概念,556.0,A,20170622,N
356,885911.TI,社区团购,12.0,A,20201110,N
357,865114.TI,新零售,8.0,US,,N
358,885910.TI,拼多多概念,11.0,A,20201026,N
359,865024.TI,生物质能,7.0,US,20180108,N
360,875065.TI,阿里巴巴概念,9.0,HK,20180108,N
361,885908.TI,第三代半导体,36.0,A,20200907,N
362,885907.TI,科创次新股,147.0,A,20200824,N
363,865094.TI,在线教育,8.0,US,20180108,N
364,885906.TI,核准制次新股,195.0,A,20200824,N
365,885905.TI,注册制次新股,88.0,A,20200825,N
366,875109.TI,煤化工,17.0,HK,20180108,N
367,885903.TI,环氧丙烷,9.0,A,20200813,N
368,865091.TI,大麻概念股,24.0,US,20180108,N
369,885902.TI,汽车拆解概念,13.0,A,20200805,N
370,885898.TI,免税店,34.0,A,20200706,N
371,885897.TI,中芯国际概念,46.0,A,20200703,N
372,865113.TI,贸易战受损股,9.0,US,,N
373,885894.TI,海南自贸区,42.0,A,20200603,N
374,885893.TI,国家大基金持股,22.0,A,20200520,N
375,865020.TI,酒业,5.0,US,20180108,N
376,885890.TI,今日头条概念,59.0,A,20200424,N
377,885564.TI,无人机,93.0,A,20140516,N
378,875163.TI,海南板块,12.0,HK,,N
379,875153.TI,智慧城市,12.0,HK,,N
380,875021.TI,移动互联网,34.0,HK,20180108,N
381,885749.TI,蚂蚁金服概念,53.0,A,20170623,N
382,885343.TI,稀土永磁,59.0,A,20100729,N
383,875063.TI,紫光系,8.0,HK,20180108,N
384,875077.TI,信息安全,5.0,HK,20180108,N
385,865039.TI,互联网金融,9.0,US,20180108,N
386,885863.TI,磷化工,27.0,A,20190715,N
387,875042.TI,环保,11.0,HK,20180108,N
388,875184.TI,公用股,4.0,HK,20200619,N
389,875151.TI,互联网医疗,5.0,HK,,N
390,885525.TI,白酒概念,34.0,A,20140415,N
391,875038.TI,医药股,30.0,HK,20180108,N
392,885284.TI,稀缺资源,38.0,A,20070808,N
393,885661.TI,医药电商,29.0,A,20150812,N
394,885780.TI,啤酒概念,11.0,A,20180108,N
395,865041.TI,大消费,7.0,US,20180108,N
396,885865.TI,钴,29.0,A,20190808,N
397,875187.TI,Saas概念,5.0,HK,20200622,N
398,875066.TI,苹果概念,11.0,HK,20180108,N
399,885487.TI,天津自贸区,12.0,A,20131010,N
400,875047.TI,奢侈品股,13.0,HK,20180108,N
401,885747.TI,共享单车,11.0,A,20170623,N
402,885849.TI,黑龙江自贸区,39.0,A,20190605,N
403,885737.TI,电子竞技,31.0,A,20160401,N
404,885675.TI,集成电路概念,133.0,A,20150812,N
405,875081.TI,5G,24.0,HK,20180108,N
406,885913.TI,医美概念,27.0,A,20201116,N
407,875045.TI,红筹股,7.0,HK,20180108,N
408,885904.TI,代糖概念,13.0,A,20200814,N
409,885871.TI,胎压监测,25.0,A,20191205,N
410,875044.TI,特斯拉,5.0,HK,20180108,N
411,865054.TI,新能源汽车,15.0,US,20180108,N
412,875046.TI,核电,7.0,HK,20180108,N
413,885855.TI,创业板重组松绑,180.0,A,20190621,N
414,875164.TI,自由贸易港,15.0,HK,,N
415,875067.TI,殡葬,5.0,HK,20180108,N
416,875059.TI,互联网保险,5.0,HK,20180108,N
417,875023.TI,页岩气,17.0,HK,20180108,N
418,865099.TI,酒店,6.0,US,20180108,N
419,865014.TI,奢侈品,4.0,US,20180108,N
420,885598.TI,新股与次新股,430.0,A,20140731,N
421,875135.TI,互联网+,32.0,HK,20180108,N
422,885573.TI,猪肉,30.0,A,20140522,N
423,875183.TI,家用电器,3.0,HK,20200619,N
424,865013.TI,区块链,33.0,US,20180108,N
425,885563.TI,节能环保,198.0,A,20140515,N
426,875111.TI,婴童,21.0,HK,20180108,N
427,885620.TI,参股券商,120.0,A,20141202,N
428,885753.TI,网约车,14.0,A,20170623,N
429,865052.TI,财产管理,37.0,US,20180108,N
430,865096.TI,物流,21.0,US,20180108,N
431,875092.TI,体育,14.0,HK,20180108,N
432,875019.TI,民营医院,7.0,HK,20180108,N
433,865077.TI,生物医药,42.0,US,20180108,N
434,875121.TI,连锁酒店,30.0,HK,20180108,N
435,875170.TI,金融科技,16.0,HK,,N
436,865036.TI,医疗保险,8.0,US,20180108,N
437,865044.TI,航空租赁,6.0,US,20180108,N
438,865107.TI,航空,11.0,US,20180108,N
439,885819.TI,电力物联网,46.0,A,20190313,N
440,885427.TI,高端装备,128.0,A,20130509,N
441,865079.TI,移动支付,5.0,US,20180108,N
442,865006.TI,电信运营,10.0,US,20180108,N
443,885825.TI,冰雪产业,16.0,A,20190401,N
444,885410.TI,固废处理,91.0,A,20130508,N
445,865119.TI,盖茨持股,4.0,US,,N
446,885578.TI,基因测序,47.0,A,20140527,N
447,865019.TI,智能家居,10.0,US,20180108,N
448,865124.TI,WSB概念,18.0,US,20210201,N
449,885657.TI,供应链金融,47.0,A,20150812,N
450,885706.TI,农机,25.0,A,20151104,N
451,885418.TI,文化传媒,179.0,A,20130508,N
452,865093.TI,节能环保,8.0,US,20180108,N
453,875127.TI,小金属,27.0,HK,20180108,N
454,875185.TI,百货业,6.0,HK,20200619,N
455,865109.TI,安防,5.0,US,20180108,N
456,875186.TI,新经济概念,16.0,HK,20200622,N
457,865045.TI,3D打印,5.0,US,20180108,N
458,875073.TI,体育用品股,6.0,HK,20180108,N
459,875191.TI,云办公,5.0,HK,20200622,N
460,885587.TI,举牌,28.0,A,20140704,N
461,875035.TI,化妆美容股,6.0,HK,20180108,N
462,883301.TI,上证50样本股,50.0,A,20150922,N
463,865018.TI,博彩,7.0,US,20180108,N
464,885771.TI,智能音箱,20.0,A,20171117,N
465,875181.TI,物业管理,46.0,HK,20200619,N
466,885768.TI,无人零售,16.0,A,20171117,N
467,875130.TI,融资租赁,13.0,HK,20180108,N
468,865022.TI,核电,7.0,US,20180108,N
469,885372.TI,页岩气,38.0,A,20120903,N
470,885406.TI,食品安全,33.0,A,20130507,N
471,885494.TI,一带一路,253.0,A,20131025,N
472,885412.TI,污水处理,128.0,A,20130508,N
473,885426.TI,海工装备,32.0,A,20130509,N
474,885700.TI,军工,406.0,A,20150915,N
475,885459.TI,网络安全,81.0,A,20130702,N
476,885461.TI,充电桩,121.0,A,20130722,N
477,865106.TI,电子商务,24.0,US,20180108,N
478,875041.TI,一带一路,13.0,HK,20180108,N
479,875016.TI,核电核能,8.0,HK,20180108,N
480,865089.TI,无线充电,5.0,US,20180108,N
481,885467.TI,特斯拉,167.0,A,20130807,N
482,865030.TI,黄金,23.0,US,20180108,N
483,885767.TI,互联网保险,25.0,A,20171117,N
484,885505.TI,生态农业,34.0,A,20131210,N
485,885758.TI,租售同权,27.0,A,20170803,N
486,865095.TI,新材料,5.0,US,20180108,N
487,885531.TI,光伏概念,227.0,A,20140421,N
488,865115.TI,芯片概念,11.0,US,,N
489,885540.TI,二胎概念,73.0,A,20140428,N
490,885846.TI,动物疫苗,16.0,A,20190527,N
491,885552.TI,小金属概念,128.0,A,20140513,N
492,875126.TI,保险,13.0,HK,20180108,N
493,885832.TI,长三角一体化,82.0,A,20190411,N
494,875167.TI,贸易战概念股,7.0,HK,,N
495,885761.TI,超级品牌,27.0,A,20171031,N
496,875104.TI,影视娱乐,33.0,HK,20180108,N
497,885574.TI,卫星导航,76.0,A,20140523,N
498,875169.TI,CDR概念,5.0,HK,,N
499,885754.TI,微信小程序,8.0,A,20170623,N
500,865087.TI,新能源,3.0,US,20180108,N
501,885759.TI,人脸识别,41.0,A,20170825,N
502,865066.TI,体育,14.0,US,20180108,N
503,885617.TI,福建自贸区,13.0,A,20141031,N
504,865047.TI,固态硬盘,5.0,US,20180108,N
505,865008.TI,特斯拉概念,5.0,US,20180108,N
506,885690.TI,PPP概念,164.0,A,20150828,N
507,885699.TI,ST板块,216.0,A,20150915,N
508,875084.TI,燃料电池,6.0,HK,20180108,N
509,885739.TI,股权转让,365.0,A,20161012,N
510,875029.TI,互联网信贷,6.0,HK,20180108,N
511,875027.TI,养老概念,8.0,HK,20180108,N
512,885571.TI,核电,110.0,A,20140521,N
513,885603.TI,网络游戏,69.0,A,20140821,N
514,875010.TI,外国公司,12.0,HK,20180108,N
515,885864.TI,光刻胶,36.0,A,20190718,N
516,875194.TI,节假日概念,10.0,HK,20200622,N
517,885497.TI,在线旅游,15.0,A,20131105,N
518,885430.TI,天然气,104.0,A,20130509,N
519,885764.TI,自由贸易港,23.0,A,20171114,N
520,885765.TI,互联网医疗,82.0,A,20171117,N
521,885772.TI,语音技术,6.0,A,20171120,N
522,875166.TI,独角兽,15.0,HK,,N
523,875105.TI,小额贷款,8.0,HK,20180108,N
524,865050.TI,物联网,7.0,US,20180108,N
525,865035.TI,虚拟现实,7.0,US,20180108,N
526,865028.TI,巴菲特持股,44.0,US,20180108,N
527,875097.TI,航空股,9.0,HK,20180108,N
528,885914.TI,煤炭概念,37.0,A,20201221,N
529,875154.TI,小米概念,7.0,HK,,N
530,865034.TI,电子竞技,8.0,US,20180108,N
531,875172.TI,知名公司,67.0,HK,20180907,N
532,885355.TI,石墨烯,61.0,A,20110411,N
533,885566.TI,大飞机,61.0,A,20140519,N
534,885841.TI,草地贪夜蛾防治,18.0,A,20190517,N
535,885760.TI,装配式建筑,52.0,A,20170918,N
536,875008.TI,腾讯概念,13.0,HK,20180108,N
537,865082.TI,集成电路,7.0,US,20180108,N
538,885909.TI,辅助生殖,17.0,A,20201023,N
539,885883.TI,医疗废物处理,25.0,A,20200207,N
540,883927.TI,高股息股,878.0,A,20180205,S
541,883959.TI,近期并购重组,181.0,A,20180614,S
542,883900.TI,昨日涨停表现,79.0,A,20160328,S
543,883917.TI,行业龙头,197.0,A,20180205,S
544,883962.TI,国家队增持,10.0,A,20180810,S
545,883951.TI,陆股通日卖出前十,10.0,A,20180604,S
546,883967.TI,机构周调研前十,10.0,A,20180914,S
547,883975.TI,超跌股,253.0,A,20181225,S
548,883957.TI,同花顺全A,4184.0,A,19901211,S
549,883931.TI,预增次新,1.0,A,20180205,S
550,883965.TI,破发次新股,36.0,A,20180810,S
551,883938.TI,股性不活跃,23.0,A,20180205,S
552,883955.TI,陆股通周减仓前十,10.0,A,20180604,S
553,883929.TI,回购计划,5.0,A,20180205,S
554,883947.TI,陆股通周增仓前十,10.0,A,20180604,S
555,883921.TI,减持计划,348.0,A,20180205,S
556,883908.TI,沪股通成交前十,10.0,A,20160603,S
557,883980.TI,含可转债,339.0,A,20190712,S
558,883963.TI,国家队减持,3.0,A,20180810,S
559,883945.TI,陆股通日增仓前十,10.0,A,20180604,S
560,883952.TI,陆股通周卖出前十,10.0,A,20180604,S
561,883960.TI,低价股,270.0,A,20180703,S
562,883941.TI,陆股通加仓,48.0,A,20180604,S
563,883956.TI,陆股通月减仓前十,10.0,A,20180604,S
564,883928.TI,券商重仓,76.0,A,20180205,S
565,883919.TI,近期复牌,5.0,A,20180205,S
566,883922.TI,社保重仓,158.0,A,20180205,S
567,883930.TI,破净股,371.0,A,20180205,S
568,883946.TI,陆股通月增仓前十,10.0,A,20180604,S
569,883953.TI,陆股通月卖出前十,10.0,A,20180604,S
570,883936.TI,业绩扭亏,291.0,A,20180205,S
571,883933.TI,股东户数增加,209.0,A,20180205,S
572,883937.TI,高比例质押,277.0,A,20180205,S
573,883935.TI,业绩预亏,439.0,A,20180205,S
574,883920.TI,近期解禁,81.0,A,20180205,S
575,883942.TI,陆股通日买入前十,10.0,A,20180604,S
576,883979.TI,昨日首板表现,68.0,A,20190624,S
577,883926.TI,高贝塔值,100.0,A,20180205,S
578,883940.TI,陆股通建仓,5.0,A,20180604,S
579,883912.TI,深股通成交前十,10.0,A,20161213,S
580,883916.TI,百元股,133.0,A,20180205,S
581,883976.TI,高商誉,104.0,A,20190116,S
582,883983.TI,科创板指数,251.0,A,20200602,S
583,883923.TI,信托重仓,245.0,A,20180205,S
584,883978.TI,昨日打板表现,80.0,A,20190610,S
585,883954.TI,陆股通日减仓前十,10.0,A,20180604,S
586,883984.TI,上市首五日,5.0,A,20200707,S
587,883974.TI,远端次新股,291.0,A,20181112,S
588,883925.TI,股东户数减少,311.0,A,20180205,S
589,883901.TI,昨日资金前十,10.0,A,20160513,S
590,883924.TI,QFII重仓,156.0,A,20180205,S
591,883973.TI,重阳资产持股,6.0,A,20180927,S
592,883915.TI,增持计划,103.0,A,20180411,S
593,883902.TI,昨日成交前十,10.0,A,20160513,S
594,883914.TI,新股开板,27.0,A,20180205,S
595,883972.TI,淡水泉持股,4.0,A,20180927,S
596,883910.TI,同花顺热股,50.0,A,20160720,S
597,883971.TI,景林资产持股,3.0,A,20180927,S
598,883970.TI,高毅资产持股,86.0,A,20180927,S
599,883968.TI,近期异动,52.0,A,20180914,S
600,883969.TI,融资盘高持仓,7.0,A,20180914,S
601,883966.TI,机构月调研前十,10.0,A,20180914,S
602,883904.TI,增发募集指数,182.0,A,20160603,S
603,883906.TI,昨日高振幅,84.0,A,20160603,S
604,883905.TI,昨日换手前十,10.0,A,20160603,S
605,883961.TI,低比例送转,4.0,A,20180810,S
606,863901.TI,次新股,,US,20181210,S
607,883964.TI,定增破发,62.0,A,20180810,S
608,883918.TI,昨日炸板股,26.0,A,20180205,S
609,873901.TI,次新股,582.0,HK,20181127,S
610,883948.TI,陆股通减仓,74.0,A,20180604,S
611,883913.TI,龙虎榜指数,37.0,A,20170306,S
612,883934.TI,保险重仓,91.0,A,20180205,S
613,873902.TI,新经济,81.0,HK,20181127,S
614,883911.TI,创历史新高,2.0,A,20160719,S
615,883903.TI,增发预案指数,638.0,A,20160603,S
616,883949.TI,陆股通清仓,6.0,A,20180604,S
617,883907.TI,近端次新股,117.0,A,20160603,S
618,883958.TI,昨日连板,8.0,A,20180517,S
619,883939.TI,陆股通持续净买入,80.0,A,20180604,S
620,883932.TI,股权分散,144.0,A,20180205,S
621,883943.TI,陆股通周买入前十,10.0,A,20180604,S
622,883944.TI,陆股通月买入前十,10.0,A,20180604,S
623,883950.TI,陆股通持续净卖出,41.0,A,20180604,S
624,883977.TI,陆股通重仓,60.0,A,20190319,S
625,885919.TI,碳中和,61.0,A,20210302,N
626,885920.TI,光伏建筑一体化,29.0,A,20210309,N
627,883986.TI,昨日非ST涨停表现,68.0,A,20210225,S
628,883987.TI,昨日非ST炸板,26.0,A,20210225,S
629,883985.TI,深市新主板,1454.0,A,20210208,S
